"donorId","barcode","chain","stimulation","studyGroup"
"CerosalettiLab839987","ACAATGGCACAAACCT-1","TRA","Islet","T1D"
"CerosalettiLab839987","ACTGTCTTCCCACGCT-1","TRA","Islet","T1D"
"CerosalettiLab839987","ATAGGAGGTGGTGATT-1","TRA","Islet","T1D"
"CerosalettiLab839987","ATCAGGTGTAAAGCTC-1","TRA","Islet","T1D"
"CerosalettiLab839987","ATCATTGCACCAACAT-1","TRA","CD3CD28","T1D"
"CerosalettiLab839987","ATCCAATAGGGCGAGT-1","TRA","Islet","T1D"
"CerosalettiLab839987","ATCGTATAGCTCGTTT-1","TRA","Islet","T1D"
"CerosalettiLab839987","ATGGGTTGTCCCTAGT-1","TRA","Islet","T1D"
"CerosalettiLab839987","CAAGTTAGTGCCCGAG-1","TRA","Islet","T1D"
"CerosalettiLab839987","CACCATAAGCATGTAT-1","TRA","CEFX","T1D"
"CerosalettiLab839987","CACGCACCAGGAAAGG-1","TRA","Islet","T1D"
"CerosalettiLab839987","CATAGCTCACAACAGA-1","TRA","Islet","T1D"
"CerosalettiLab839987","CCGGTTCTCGCTAATG-1","TRA","Islet","T1D"
"CerosalettiLab839987","CCTGACGAGAGTTGGG-1","TRA","CEFX","T1D"
"CerosalettiLab839987","CCTTCATAGACGATGG-1","TRA","CEFX","T1D"
"CerosalettiLab839987","CCTTGAGCAACACGGG-1","TRA","CEFX","T1D"
"CerosalettiLab839987","CTCCATCCAATGGTAG-1","TRA","Islet","T1D"
"CerosalettiLab839987","CTCTAGCGTGCCCCTA-1","TRA","CD3CD28","T1D"
"CerosalettiLab839987","CTGGTCCTCCCTAGTT-1","TRA","Islet","T1D"
"CerosalettiLab839987","CTGTCTAGTATCTCTG-1","TRA","CD3CD28","T1D"
"CerosalettiLab839987","CTTAGCCGTGTGTATA-1","TRA","Islet","T1D"
"CerosalettiLab839987","GCCATTAAGAGCCGAA-1","TRA","Islet","T1D"
"CerosalettiLab839987","GCGCGTATCCCACGCT-1","TRA","Islet","T1D"
"CerosalettiLab839987","GGACCTCCAAACCGAA-1","TRA","Islet","T1D"
"CerosalettiLab839987","GGAGCTTTCCTGGGTG-1","TRA","CEFX","T1D"
"CerosalettiLab839987","GGCGTAGCAACGAAGC-1","TRA","Islet","T1D"
"CerosalettiLab839987","GGGAGATGTATCTCGC-1","TRA","CEFX","T1D"
"CerosalettiLab839987","GGTCAATGTGTCATCC-1","TRA","Islet","T1D"
"CerosalettiLab839987","GGTGGAGGTGGACGCT-1","TRA","Islet","T1D"
"CerosalettiLab839987","GTAGCACTCCTGGTCC-1","TRA","CD3CD28","T1D"
"CerosalettiLab839987","GTTAGTAGTCTACAGG-1","TRA","Islet","T1D"
"CerosalettiLab839987","GTTGACATCGTCACCC-1","TRA","Islet","T1D"
"CerosalettiLab1059994","ACTAAACTCCCCACGT-1","TRA","CEFX","Control"
"CerosalettiLab1059994","CATCTGTTCCGGCGTA-1","TRA","Islet","Control"
"CerosalettiLab1059994","CGTGGTTAGCAAAGTA-1","TRA","Islet","Control"
